Session,Organizer,Speaker 1,Speaker 2,Speaker 3
Bayesian extremes,Ben Shaby,Brian Reich,Miguel de Carvalho,Ben Shaby
Causal inference for extremes,Nicola Gnecco,Linda Mhalla,Ray (Shuyang) Bai,Juan-Juan Cai
Climate extremes: combining statistical and physical models,Kate Saunders,,,
Deep learning and amortised inference for extremes,Raphaël Huser,Likun Zhang,Raphaël Huser,Mikael Kuusela
Dependence models for multivariate extremes,Klaus Herrmann,Samuel Valiquette,Xiaoting Li,
Extreme events in AI weather models,Sebastian Engelke,,,
"Extremes in Earth, Ocean, and Atmospheric Sciences",Vladas Pipiras and Stilian Stoev,,,
Extremes in stochastic processes and time series,Ray (Shuyang) Bai,Gennady Samorodnitsky,Tiandong Wang,Marco Oesting
Financial and insurance extremes,Mélina Mailhot,Debbie Dupuis,Frédéric Godin,
Forecast evaluation of extremes,Thordis Thorarinsdottir,,,
Generative AI for extremes,Miguel de Carvalho,Sebastian Engelke,Olivier Lopez,Johnny Lee
Geometric extremes,Natalia Nolde ,Jennifer Wadsworth,Ryan Campbell,Natalia Nolde
Graphical models in extremes,Michaël Lalancette,,,
Mathematical statistics of extremes,Stanislav Volgushev,Axel Bücher,Michaël Lalancette,
Multivariate regular variation and optimal transport,Johan Segers,Johan Segers,,
Multivariate regular variation and optimal transport,Johan Segers,Ioannis Papastathopoulos,,
Statistical challenges in univariate extremes,Emma Simpson,Paul Northrop,Léo Belzile,Ilaria Prosdocimi
Statistical machine learning and high-dimensional extremes,Anne Sabourin,Stephan Clémençon,Stanislav Volgushev,
